{"metadata":{"asset_id":"386e22ee-008c-4ff0-b89f-0d6d39b4ee63","asset_attributes":["data_asset"],"name":"cluster_output.csv","asset_type":"data_asset","created_at":"2020-09-06T12:10:10Z","description":"","origin_country":"us","owner_id":"12a9a9ce-9ba5-4942-ab66-65fb2134f739","project_id":"860076b9-9edd-4cb8-a2ba-8094fe03b063","size":14658,"tags":[],"usage":{"last_update_time":1599394210812,"last_updated_at":"2020-09-06T12:10:10Z"}},"entity":{"data_asset":{"mime_type":"text/csv","dataset":false}},"attachments":[{"id":"70f2211b-34e6-4366-960f-1a7eea8e62fd","version":2,"asset_type":"data_asset","name":"cluster_output.csv","mime":"text/csv","datasource_type":"193a97c1-4475-4a19-b90c-295c4fdc6517","object_key":"cluster_output.csv","creator_id":"12a9a9ce-9ba5-4942-ab66-65fb2134f739","create_time":1599394210811,"size":14658,"is_remote":false,"is_managed":false,"is_referenced":true,"is_object_key_read_only":true,"is_user_provided_path_key":true,"transfer_complete":true,"is_partitioned":false,"complete_time_ticks":1599394210811,"user_data":{},"test_doc":0,"handle":{"bucket":"findhotspot-donotdelete-pr-czadukqqrthr5z","location":"eu-geo","key":"cluster_output.csv","upload_id":"done","max_part_num":1},"usage":{"access_count":0,"last_accessor_id":"12a9a9ce-9ba5-4942-ab66-65fb2134f739","last_access_time":1599394210811}}]}
