{"metadata":{"asset_id":"d2b73c7e-99f2-415e-88dd-f482c0d0b42f","asset_attributes":["data_asset"],"name":"clustering_data.csv","asset_type":"data_asset","created_at":"2020-09-05T15:14:20Z","description":"","origin_country":"us","owner_id":"IBMid-550008QB5W","project_id":"860076b9-9edd-4cb8-a2ba-8094fe03b063","size":10066,"tags":[],"usage":{"last_update_time":1599447792196,"last_updated_at":"2020-09-07T03:03:12Z"}},"entity":{"data_asset":{"mime_type":"text/csv","dataset":false,"schema":{"etag":"\"480665fff72f9437d0af2c759155cbc8\"","valid_since":"Sat, 05 Sep 2020 15:14:20 GMT","fields":[{"name":"Module_id","type":"string","format":"default"},{"name":"No_of_requirements","type":"integer","format":"default"},{"name":"No_of_interdependent_modules","type":"integer","format":"default"},{"name":"No_of_lines_of_code","type":"string","format":"default"},{"name":"Hours_spent","type":"integer","format":"default"},{"name":"No_of_test_cases","type":"integer","format":"default"},{"name":"No_of_defects","type":"integer","format":"default"}]}}},"attachments":[{"id":"fdf0e01f-ed59-43b4-8e94-4d8ac59fe842","version":2,"asset_type":"data_asset","name":"clustering_data.csv","mime":"text/csv","datasource_type":"193a97c1-4475-4a19-b90c-295c4fdc6517","object_key":"clustering_data.csv","creator_id":"iam-ServiceId-f49c5558-c247-4983-a04f-7d3c7a3d55da","create_time":1599318861597,"size":10066,"is_remote":false,"is_managed":false,"is_referenced":true,"is_object_key_read_only":false,"is_user_provided_path_key":true,"transfer_complete":true,"is_partitioned":false,"complete_time_ticks":1599318861597,"user_data":{},"test_doc":0,"handle":{"bucket":"findhotspot-donotdelete-pr-czadukqqrthr5z","location":"eu-geo","key":"clustering_data.csv","upload_id":"done","max_part_num":1},"usage":{"access_count":0,"last_accessor_id":"iam-ServiceId-f49c5558-c247-4983-a04f-7d3c7a3d55da","last_access_time":1599318861597}}]}
