{"metadata":{"asset_id":"4034be8a-c7e5-41ad-a055-9c839adb6221","asset_attributes":["notebook"],"name":"dff","asset_type":"notebook","created_at":"2020-09-05T15:14:22Z","description":"","origin_country":"us","owner_id":"IBMid-550008QB5W","project_id":"860076b9-9edd-4cb8-a2ba-8094fe03b063","size":40618,"tags":["notebook"],"usage":{"last_update_time":1599494619667,"last_updated_at":"2020-09-07T16:03:39Z"}},"entity":{"notebook":{"kernel":{"name":"python36","display_name":"Python 3.6 with Spark","language":"python3"},"originates_from":{"type":"file"},"runtime":{"environment":"spark24py36-860076b9-9edd-4cb8-a2ba-8094fe03b063"}}},"attachments":[{"id":"fd6f4a57-1077-44d0-b522-a70869634b44","version":2,"asset_type":"notebook","name":"attachment for notebook 4034be8a-c7e5-41ad-a055-9c839adb6221","description":"attachment for notebook 4034be8a-c7e5-41ad-a055-9c839adb6221","mime":"application/json","datasource_type":"193a97c1-4475-4a19-b90c-295c4fdc6517","object_key":"notebook/dff_s1z2C00JQ.ipynb","creator_id":"iam-ServiceId-9e68bc5f-c5f6-4f6f-8bcf-e57f47b9d1b1","create_time":1599318862562,"size":40618,"is_remote":false,"is_managed":false,"is_referenced":true,"is_object_key_read_only":false,"is_user_provided_path_key":true,"transfer_complete":true,"is_partitioned":false,"complete_time_ticks":1599318862562,"user_data":{},"test_doc":0,"handle":{"bucket":"findhotspot-donotdelete-pr-czadukqqrthr5z","location":"eu-geo","key":"notebook/dff_s1z2C00JQ.ipynb","upload_id":"done","max_part_num":1},"usage":{"access_count":0,"last_accessor_id":"iam-ServiceId-9e68bc5f-c5f6-4f6f-8bcf-e57f47b9d1b1","last_access_time":1599318862562}}]}
