{"metadata":{"asset_id":"eb0151e9-3036-4039-8924-74b3255636ba","asset_attributes":["data_asset"],"name":"svcclassifier.pickle","asset_type":"data_asset","created_at":"2020-09-06T07:01:59Z","description":"","origin_country":"us","owner_id":"d2417d3c-f2ee-4db3-bb7a-9c8dac508a06","project_id":"6a9ddb2e-72df-4e1b-bba5-c1764c25c533","size":42890,"tags":[],"usage":{"last_update_time":1599375720031,"last_updated_at":"2020-09-06T07:02:00Z"}},"entity":{"data_asset":{"mime_type":"application/binary","dataset":false}},"attachments":[{"id":"30d8fcd6-b473-4d7e-8b91-66dad2b9e36f","version":2,"asset_type":"data_asset","name":"svcclassifier.pickle","mime":"application/binary","datasource_type":"193a97c1-4475-4a19-b90c-295c4fdc6517","object_key":"svcclassifier.pickle","creator_id":"d2417d3c-f2ee-4db3-bb7a-9c8dac508a06","create_time":1599375720031,"size":42890,"is_remote":false,"is_managed":false,"is_referenced":true,"is_object_key_read_only":true,"is_user_provided_path_key":true,"transfer_complete":true,"is_partitioned":false,"complete_time_ticks":1599375720031,"user_data":{},"test_doc":0,"handle":{"bucket":"trainclassifier-donotdelete-pr-avgynhohutocd8","location":"eu-geo","key":"svcclassifier.pickle","upload_id":"done","max_part_num":1},"usage":{"access_count":0,"last_accessor_id":"d2417d3c-f2ee-4db3-bb7a-9c8dac508a06","last_access_time":1599375720031}}]}
