{"metadata":{"asset_id":"a9775696-d3aa-406b-bfc6-99f5dcdccb83","asset_attributes":["data_asset"],"name":"tfidf.pickle","asset_type":"data_asset","created_at":"2020-09-06T07:01:58Z","description":"","origin_country":"us","owner_id":"d2417d3c-f2ee-4db3-bb7a-9c8dac508a06","project_id":"6a9ddb2e-72df-4e1b-bba5-c1764c25c533","size":15028,"tags":[],"usage":{"last_update_time":1599375719044,"last_updated_at":"2020-09-06T07:01:59Z"}},"entity":{"data_asset":{"mime_type":"application/binary","dataset":false}},"attachments":[{"id":"3f5030f1-3d22-40fc-8a3c-2b2f7eaf42e9","version":2,"asset_type":"data_asset","name":"tfidf.pickle","mime":"application/binary","datasource_type":"193a97c1-4475-4a19-b90c-295c4fdc6517","object_key":"tfidf.pickle","creator_id":"d2417d3c-f2ee-4db3-bb7a-9c8dac508a06","create_time":1599375719043,"size":15028,"is_remote":false,"is_managed":false,"is_referenced":true,"is_object_key_read_only":true,"is_user_provided_path_key":true,"transfer_complete":true,"is_partitioned":false,"complete_time_ticks":1599375719043,"user_data":{},"test_doc":0,"handle":{"bucket":"trainclassifier-donotdelete-pr-avgynhohutocd8","location":"eu-geo","key":"tfidf.pickle","upload_id":"done","max_part_num":1},"usage":{"access_count":0,"last_accessor_id":"d2417d3c-f2ee-4db3-bb7a-9c8dac508a06","last_access_time":1599375719043}}]}
