{"metadata":{"asset_id":"4d76f20b-c37c-4385-bb79-02afd498cf62","asset_attributes":["data_asset"],"name":"category_id.csv","asset_type":"data_asset","created_at":"2020-09-06T07:01:57Z","description":"","origin_country":"us","owner_id":"d2417d3c-f2ee-4db3-bb7a-9c8dac508a06","project_id":"6a9ddb2e-72df-4e1b-bba5-c1764c25c533","size":1186,"tags":[],"usage":{"last_update_time":1599375717913,"last_updated_at":"2020-09-06T07:01:57Z"}},"entity":{"data_asset":{"mime_type":"text/csv","dataset":false}},"attachments":[{"id":"a01fc47b-d47b-4172-bf08-ca2c5aae3542","version":2,"asset_type":"data_asset","name":"category_id.csv","mime":"text/csv","datasource_type":"193a97c1-4475-4a19-b90c-295c4fdc6517","object_key":"category_id.csv","creator_id":"d2417d3c-f2ee-4db3-bb7a-9c8dac508a06","create_time":1599375717912,"size":1186,"is_remote":false,"is_managed":false,"is_referenced":true,"is_object_key_read_only":true,"is_user_provided_path_key":true,"transfer_complete":true,"is_partitioned":false,"complete_time_ticks":1599375717912,"user_data":{},"test_doc":0,"handle":{"bucket":"trainclassifier-donotdelete-pr-avgynhohutocd8","location":"eu-geo","key":"category_id.csv","upload_id":"done","max_part_num":1},"usage":{"access_count":0,"last_accessor_id":"d2417d3c-f2ee-4db3-bb7a-9c8dac508a06","last_access_time":1599375717912}}]}
