{"metadata":{"asset_id":"03c925f5-c7c1-4878-b429-a4f7e559cc5a","asset_attributes":["data_asset"],"name":"test_data.csv","asset_type":"data_asset","created_at":"2020-09-06T02:44:53Z","description":"","origin_country":"us","owner_id":"IBMid-550008H78F","project_id":"6a9ddb2e-72df-4e1b-bba5-c1764c25c533","size":10248,"tags":[],"usage":{"last_update_time":1599360294592,"last_updated_at":"2020-09-06T02:44:54Z"}},"entity":{"data_asset":{"mime_type":"text/csv","dataset":false}},"attachments":[{"id":"af05888b-0d1b-414a-a983-125e2ce0ebc5","version":2,"asset_type":"data_asset","name":"test_data.csv","mime":"text/csv","datasource_type":"193a97c1-4475-4a19-b90c-295c4fdc6517","object_key":"test_data.csv","creator_id":"IBMid-550008H78F","create_time":1599360294591,"size":10248,"is_remote":false,"is_managed":false,"is_referenced":true,"is_object_key_read_only":true,"is_user_provided_path_key":true,"transfer_complete":true,"is_partitioned":false,"complete_time_ticks":1599360294591,"user_data":{},"test_doc":0,"handle":{"bucket":"trainclassifier-donotdelete-pr-avgynhohutocd8","location":"eu-geo","key":"test_data.csv","upload_id":"done","max_part_num":1},"usage":{"access_count":0,"last_accessor_id":"IBMid-550008H78F","last_access_time":1599360294591}}]}
