{"metadata":{"asset_id":"9f71f8e2-2983-4ac8-b3fa-b66c0e26201d","asset_attributes":["data_asset"],"name":"predicted_out.csv","asset_type":"data_asset","created_at":"2020-09-06T12:11:55Z","description":"","origin_country":"us","owner_id":"d2417d3c-f2ee-4db3-bb7a-9c8dac508a06","project_id":"6a9ddb2e-72df-4e1b-bba5-c1764c25c533","size":518,"tags":[],"usage":{"last_update_time":1599394315945,"last_updated_at":"2020-09-06T12:11:55Z"}},"entity":{"data_asset":{"mime_type":"text/csv","dataset":false}},"attachments":[{"id":"c81df4ac-970d-4018-97e3-fea001b3c79f","version":2,"asset_type":"data_asset","name":"predicted_out.csv","mime":"text/csv","datasource_type":"193a97c1-4475-4a19-b90c-295c4fdc6517","object_key":"predicted_out.csv","creator_id":"d2417d3c-f2ee-4db3-bb7a-9c8dac508a06","create_time":1599394315944,"size":518,"is_remote":false,"is_managed":false,"is_referenced":true,"is_object_key_read_only":true,"is_user_provided_path_key":true,"transfer_complete":true,"is_partitioned":false,"complete_time_ticks":1599394315944,"user_data":{},"test_doc":0,"handle":{"bucket":"trainclassifier-donotdelete-pr-avgynhohutocd8","location":"eu-geo","key":"predicted_out.csv","upload_id":"done","max_part_num":1},"usage":{"access_count":0,"last_accessor_id":"d2417d3c-f2ee-4db3-bb7a-9c8dac508a06","last_access_time":1599394315944}}]}
