{"metadata":{"asset_id":"0853d299-237d-4471-97fa-3526ce9eae6c","asset_attributes":["data_asset"],"name":"Defect_Summary.csv","asset_type":"data_asset","created_at":"2020-09-06T06:27:13Z","description":"","origin_country":"us","owner_id":"IBMid-550008QB5W","project_id":"6a9ddb2e-72df-4e1b-bba5-c1764c25c533","size":263,"tags":[],"usage":{"last_update_time":1599373634203,"last_updated_at":"2020-09-06T06:27:14Z"}},"entity":{"data_asset":{"mime_type":"text/csv","dataset":false}},"attachments":[{"id":"c3ec3494-113e-435c-ae59-8f6037c6dae9","version":2,"asset_type":"data_asset","name":"Defect_Summary.csv","mime":"text/csv","datasource_type":"193a97c1-4475-4a19-b90c-295c4fdc6517","object_key":"Defect_Summary.csv","creator_id":"IBMid-550008QB5W","create_time":1599373634203,"size":263,"is_remote":false,"is_managed":false,"is_referenced":true,"is_object_key_read_only":true,"is_user_provided_path_key":true,"transfer_complete":true,"is_partitioned":false,"complete_time_ticks":1599373634203,"user_data":{},"test_doc":0,"handle":{"bucket":"trainclassifier-donotdelete-pr-avgynhohutocd8","location":"eu-geo","key":"Defect_Summary.csv","upload_id":"done","max_part_num":1},"usage":{"access_count":0,"last_accessor_id":"IBMid-550008QB5W","last_access_time":1599373634203}}]}
