{"metadata":{"asset_id":"9b56f2af-76f8-48a4-935e-2c0003a7d6b9","asset_attributes":["environment"],"name":"spark","asset_type":"environment","created_at":"2020-09-05T12:10:52Z","description":"","origin_country":"us","owner_id":"IBMid-550008H78F","project_id":"6a9ddb2e-72df-4e1b-bba5-c1764c25c533","sandbox_id":"6a9ddb2e-72df-4e1b-bba5-c1764c25c533","size":0,"tags":["dsx"],"usage":{"last_update_time":1599307852595,"last_updated_at":"2020-09-05T12:10:52Z"}},"entity":{"environment":{"sub_type":"default_spark","display_name":"spark","hardware_specification":{"type":"referenced","guid":"a848e14c-1c31-4989-a9c0-f022c4419612"},"software_specification":{"type":"referenced","guid":"390d21f8-e58b-4fac-9c55-d7ceda621326"},"tools_specification":{"notebook_extensions":[],"supported_kernels":[{"name":"python36","language":"python36","version":"3.6","display_name":"Python 3.6 with Spark"}]}}}}
