{"metadata":{"asset_id":"a848e14c-1c31-4989-a9c0-f022c4419612","asset_attributes":["hardware_specification"],"name":"spark","asset_type":"hardware_specification","created_at":"2020-09-05T12:10:52Z","description":"","origin_country":"us","owner_id":"IBMid-550008H78F","project_id":"6a9ddb2e-72df-4e1b-bba5-c1764c25c533","sandbox_id":"6a9ddb2e-72df-4e1b-bba5-c1764c25c533","size":0,"tags":["dsx"],"usage":{"last_update_time":1599307852379,"last_updated_at":"2020-09-05T12:10:52Z"}},"entity":{"hardware_specification":{"spark":{"driver":{"cpu":{"units":"1","model":""},"mem":{"size":"4g"}},"executor":{"cpu":{"units":"1","model":""},"mem":{"size":"4g"}},"num_drivers":1,"num_executors":2}}}}
