{"metadata":{"asset_id":"f9972608-03cb-4555-9815-5cac57f4eb66","asset_attributes":["notebook"],"name":"TrainClassifier","asset_type":"notebook","created_at":"2020-09-05T11:09:08Z","description":"","origin_country":"us","owner_id":"IBMid-550008QB5W","project_id":"6a9ddb2e-72df-4e1b-bba5-c1764c25c533","size":208,"tags":["notebook"],"usage":{"last_update_time":1599377221730,"last_updated_at":"2020-09-06T07:27:01Z"}},"entity":{"notebook":{"kernel":{"name":"python36","display_name":"Python 3.6 with Spark","language":"python3"},"originates_from":{"type":"blank"},"runtime":{"environment":"spark24py36-6a9ddb2e-72df-4e1b-bba5-c1764c25c533"}}},"attachments":[{"id":"5e0ce9c6-e45d-4e98-b714-19ca82774add","version":2,"asset_type":"notebook","name":"attachment for notebook f9972608-03cb-4555-9815-5cac57f4eb66","description":"attachment for notebook f9972608-03cb-4555-9815-5cac57f4eb66","mime":"application/json","datasource_type":"193a97c1-4475-4a19-b90c-295c4fdc6517","object_key":"notebook/TrainClassifier_g0cKkzdPc.ipynb","creator_id":"IBMid-550008QB5W","create_time":1599304149158,"size":208,"is_remote":false,"is_managed":false,"is_referenced":true,"is_object_key_read_only":false,"is_user_provided_path_key":true,"transfer_complete":true,"is_partitioned":false,"complete_time_ticks":1599304149158,"user_data":{},"test_doc":0,"handle":{"bucket":"trainclassifier-donotdelete-pr-avgynhohutocd8","location":"eu-geo","key":"notebook/TrainClassifier_g0cKkzdPc.ipynb","upload_id":"done","max_part_num":1},"usage":{"access_count":0,"last_accessor_id":"IBMid-550008QB5W","last_access_time":1599304149158}}]}
