{"metadata":{"asset_id":"78ed632a-e3c9-4235-bdc5-770700d1d1fa","asset_attributes":["notebook"],"name":"PredictDefectResolution","asset_type":"notebook","created_at":"2020-09-06T06:52:39Z","description":"","origin_country":"us","owner_id":"IBMid-550008H78F","project_id":"6a9ddb2e-72df-4e1b-bba5-c1764c25c533","size":7260,"tags":["notebook"],"usage":{"last_update_time":1599494872468,"last_updated_at":"2020-09-07T16:07:52Z"}},"entity":{"notebook":{"kernel":{"name":"python36","display_name":"Python 3.6 with Spark","language":"python3"},"originates_from":{"type":"file"},"runtime":{"environment":"spark24py36-6a9ddb2e-72df-4e1b-bba5-c1764c25c533"}}},"attachments":[{"id":"ac428435-5f31-42b1-8b07-dbe60546232a","version":2,"asset_type":"notebook","name":"attachment for notebook 78ed632a-e3c9-4235-bdc5-770700d1d1fa","description":"attachment for notebook 78ed632a-e3c9-4235-bdc5-770700d1d1fa","mime":"application/json","datasource_type":"193a97c1-4475-4a19-b90c-295c4fdc6517","object_key":"notebook/PredictDefectResolution_JmL2iZny9.ipynb","creator_id":"IBMid-550008H78F","create_time":1599375159659,"size":7260,"is_remote":false,"is_managed":false,"is_referenced":true,"is_object_key_read_only":false,"is_user_provided_path_key":true,"transfer_complete":true,"is_partitioned":false,"complete_time_ticks":1599375159659,"user_data":{},"test_doc":0,"handle":{"bucket":"trainclassifier-donotdelete-pr-avgynhohutocd8","location":"eu-geo","key":"notebook/PredictDefectResolution_JmL2iZny9.ipynb","upload_id":"done","max_part_num":1},"usage":{"access_count":0,"last_accessor_id":"IBMid-550008H78F","last_access_time":1599375159659}}]}
