category_id,resolution
0,Please run RLM Script again
1,Issue in pre install script in deployment
2,Issue in post install script in deployment
3,Please reach out to data source team
4,Please reach out to ODS team
5,Please raise cmp as provided in the document
6,code/Functionality issue and will be fixed in next deployment
7,Raise ticket with application team for feature addition
8,Install SSL Extender service and run .DAT file
9,Run .DAT file and try connecting again
10,Please rerun the table deployment script
11,Please pass the correct file format with corresponding to table format
12,Please update the Antivirus and reconnect
13,Update VMware to latest version
14,Reset the password in Adpass and login again
15,LAN access given and user id has ben added to network group
16,Outlook  is out of date and new version has been installed
17,Please pass valid input
18,Please reach out to development team
19,Please connect with requirements team to understand which file to import
20,Please connect with admin for authorization to download software
21,Check LAN connection
22,Try opening it using any other text editor
23,Setup the mobile installer agent with correct mobile number
