summary,category,predicted_resolution
getting password incorrect error,Login Issue,Reset the password in Adpass and login again
vpn getting disconnected at regular intervals,Connectivity Issue,Install SSL Extender service and run .DAT file
table not loaded properly for current month,Data issue,Please run RLM Script again
chrome not accesible,Network issue,LAN access given and user id has ben added to network group
mail not getting delivered,Outlook Issue,Outlook  is out of date and new version has been installed
